[{"team":"Leicester City FC","v":6,"d":2,"e":0,"g_marcados":18,"g_sofridos":9,"pontos":18,"diff_golos":9},{"team":"Tottenham Hotspur FC","v":5,"d":1,"e":2,"g_marcados":19,"g_sofridos":9,"pontos":17,"diff_golos":10},{"team":"Liverpool FC","v":5,"d":1,"e":2,"g_marcados":18,"g_sofridos":16,"pontos":17,"diff_golos":2},{"team":"Southampton FC","v":5,"d":2,"e":1,"g_marcados":16,"g_sofridos":12,"pontos":16,"diff_golos":4},{"team":"Chelsea FC","v":4,"d":1,"e":3,"g_marcados":20,"g_sofridos":10,"pontos":15,"diff_golos":10},{"team":"Aston Villa FC","v":5,"d":2,"e":0,"g_marcados":18,"g_sofridos":9,"pontos":15,"diff_golos":9},{"team":"Everton FC","v":4,"d":3,"e":1,"g_marcados":16,"g_sofridos":14,"pontos":13,"diff_golos":2},{"team":"Crystal Palace FC","v":4,"d":3,"e":1,"g_marcados":12,"g_sofridos":12,"pontos":13,"diff_golos":0},{"team":"Wolverhampton Wanderers FC","v":4,"d":3,"e":1,"g_marcados":8,"g_sofridos":9,"pontos":13,"diff_golos":-1},{"team":"Manchester City FC","v":3,"d":1,"e":3,"g_marcados":10,"g_sofridos":9,"pontos":12,"diff_golos":1},{"team":"Arsenal FC","v":4,"d":4,"e":0,"g_marcados":9,"g_sofridos":10,"pontos":12,"diff_golos":-1},{"team":"West Ham United FC","v":3,"d":3,"e":2,"g_marcados":14,"g_sofridos":10,"pontos":11,"diff_golos":4},{"team":"Newcastle United FC","v":3,"d":3,"e":2,"g_marcados":10,"g_sofridos":13,"pontos":11,"diff_golos":-3},{"team":"Manchester United FC","v":3,"d":3,"e":1,"g_marcados":12,"g_sofridos":14,"pontos":10,"diff_golos":-2},{"team":"Leeds United FC","v":3,"d":4,"e":1,"g_marcados":14,"g_sofridos":17,"pontos":10,"diff_golos":-3},{"team":"Brighton & Hove Albion FC","v":1,"d":4,"e":3,"g_marcados":11,"g_sofridos":14,"pontos":6,"diff_golos":-3},{"team":"Fulham FC","v":1,"d":6,"e":1,"g_marcados":7,"g_sofridos":15,"pontos":4,"diff_golos":-8},{"team":"West Bromwich Albion FC","v":0,"d":5,"e":3,"g_marcados":6,"g_sofridos":17,"pontos":3,"diff_golos":-11},{"team":"Burnley FC","v":0,"d":5,"e":2,"g_marcados":3,"g_sofridos":12,"pontos":2,"diff_golos":-9},{"team":"Sheffield United FC","v":0,"d":7,"e":1,"g_marcados":4,"g_sofridos":14,"pontos":1,"diff_golos":-10}]